{
	"variables": [],
	"info": {
		"name": "Acropolis",
		"_postman_id": "28c43288-c5a4-a763-ab44-ec6360fac1e7",
		"description": "",
		"schema": "https://schema.getpostman.com/json/collection/v2.0.0/collection.json"
	},
	"item": [
		{
			"name": "Get Users",
			"request": {
				"url": "http://localhost:3000/server/getUsers",
				"method": "GET",
				"header": [],
				"body": {},
				"description": ""
			},
			"response": []
		},
		{
			"name": "Get Gyms",
			"request": {
				"url": "http://localhost:3000/server/getGyms",
				"method": "GET",
				"header": [],
				"body": {},
				"description": ""
			},
			"response": []
		},
		{
			"name": "Get Routines",
			"request": {
				"url": "http://localhost:3000/server/getRoutines",
				"method": "GET",
				"header": [],
				"body": {},
				"description": ""
			},
			"response": []
		},
		{
			"name": "Get News",
			"request": {
				"url": "http://localhost:3000/server/getNews",
				"method": "GET",
				"header": [],
				"body": {},
				"description": ""
			},
			"response": []
		},
		{
			"name": "Insert User",
			"request": {
				"url": "http://localhost:3000/server/insertUser",
				"method": "POST",
				"header": [
					{
						"key": "Content-Type",
						"value": "application/x-www-form-urlencoded",
						"description": ""
					}
				],
				"body": {
					"mode": "urlencoded",
					"urlencoded": [
						{
							"key": "_id",
							"value": "0",
							"type": "text",
							"enabled": true
						},
						{
							"key": "name",
							"value": "Carlos Solis",
							"type": "text",
							"enabled": true
						},
						{
							"key": "age",
							"value": "23",
							"type": "text",
							"enabled": true
						},
						{
							"key": "weight",
							"value": "60",
							"type": "text",
							"enabled": true
						},
						{
							"key": "height",
							"value": "1.7",
							"type": "text",
							"enabled": true
						},
						{
							"key": "username",
							"value": "csolis",
							"type": "text",
							"enabled": true
						},
						{
							"key": "password",
							"value": "qa2017",
							"type": "text",
							"enabled": true
						}
					]
				},
				"description": ""
			},
			"response": []
		},
		{
			"name": "Insert Gym",
			"request": {
				"url": "http://localhost:3000/server/insertGym",
				"method": "POST",
				"header": [
					{
						"key": "Content-Type",
						"value": "application/x-www-form-urlencoded",
						"description": ""
					}
				],
				"body": {
					"mode": "urlencoded",
					"urlencoded": [
						{
							"key": "_id",
							"value": "0",
							"type": "text",
							"enabled": true
						},
						{
							"key": "name",
							"value": "Xtreme",
							"type": "text",
							"enabled": true
						},
						{
							"key": "telefono",
							"value": "24603598",
							"type": "text",
							"enabled": true
						},
						{
							"key": "direccion",
							"value": "200 mts sur de new york pizza",
							"type": "text",
							"enabled": true
						},
						{
							"key": "hora_inicio",
							"value": "5",
							"type": "text",
							"enabled": true
						},
						{
							"key": "hora_cierre",
							"value": "22",
							"type": "text",
							"enabled": true
						}
					]
				},
				"description": ""
			},
			"response": []
		},
		{
			"name": "Insert Routine",
			"request": {
				"url": "http://localhost:3000/server/insertRoutine",
				"method": "POST",
				"header": [],
				"body": {},
				"description": ""
			},
			"response": []
		},
		{
			"name": "Insert News",
			"request": {
				"url": "http://localhost:3000/server/insertNews",
				"method": "POST",
				"header": [
					{
						"key": "Content-Type",
						"value": "application/x-www-form-urlencoded",
						"description": ""
					}
				],
				"body": {
					"mode": "urlencoded",
					"urlencoded": [
						{
							"key": "_id",
							"value": "0",
							"type": "text",
							"enabled": true
						},
						{
							"key": "gym_name",
							"value": "Xtreme",
							"type": "text",
							"enabled": true
						},
						{
							"key": "titulo",
							"value": "Se prohibe entrada sin toalla personal",
							"type": "text",
							"enabled": true
						},
						{
							"key": "cuerpo",
							"value": "Hemos tomado la decisión por el bien de todos los usuarios del gimnasio que no se permitirá la entrada sin la toalla con el unico objetivo de evitar enfermedades que se contagien por el sudor",
							"type": "text",
							"enabled": true
						},
						{
							"key": "fecha",
							"value": "14/05/2017",
							"type": "text",
							"enabled": true
						}
					]
				},
				"description": ""
			},
			"response": []
		}
	]
}